animal;uniq_id;water_need
Elephant;A001;50
Tiger;A002;10
Camel;A003;5
Dog;A004;2
Cat;A005;1
Horse;A006;25
Cow;A007;30
Goat;A008;3
Rabbit;A009;0.5
Lion;A010;12
Deer;A011;8
Sheep;A012;4
Buffalo;A013;35
Donkey;A014;20
Monkey;A015;2
Bear;A016;15
Kangaroo;A017;6
Zebra;A018;18
Giraffe;A019;22
Pig;A020;12
Duck;A021;1
Hen;A022;0.8
Rooster;A023;0.9
Peacock;A024;1.5
Parrot;A025;0.3
Pigeon;A026;0.4
Crow;A027;0.5
Ostrich;A028;3
Eagle;A029;1
Falcon;A030;1
Penguin;A031;2
Seal;A032;5
Walrus;A033;8
Otter;A034;2
Beaver;A035;3
Moose;A036;28
Reindeer;A037;25
Yak;A038;30
Ox;A039;32
Cheetah;A040;9
Leopard;A041;11
Panther;A042;10
Jaguar;A043;12
Hyena;A044;7
Wolf;A045;8
Fox;A046;3
Raccoon;A047;2
Skunk;A048;2
Squirrel;A049;0.5
Chipmunk;A050;0.4
Hedgehog;A051;0.3
Porcupine;A052;1
Armadillo;A053;1
Sloth;A054;2
Anteater;A055;2
Koala;A056;3
Panda;A057;10
Crocodile;A058;6
Alligator;A059;6
Tortoise;A060;1
Turtle;A061;1
Snake;A062;0.5
Lizard;A063;0.3
Frog;A064;0.2
Toad;A065;0.2
Salamander;A066;0.2
Newt;A067;0.2
Fish;A068;0.1
Shark;A069;5
Whale;A070;40
Dolphin;A071;10
Octopus;A072;3
Squid;A073;2
Crab;A074;1
Lobster;A075;1
Shrimp;A076;0.5
Starfish;A077;0.2
Jellyfish;A078;0.1
Coral;A079;0.05
Mollusk;A080;0.1
Snail;A081;0.1
Slug;A082;0.1
Earthworm;A083;0.05
Bee;A084;0.05
Wasp;A085;0.05
Ant;A086;0.01
Termite;A087;0.01
Butterfly;A088;0.02
Moth;A089;0.02
Dragonfly;A090;0.02
Grasshopper;A091;0.02
Cricket;A092;0.02
Locust;A093;0.02
Spider;A094;0.01
Scorpion;A095;0.01
Tick;A096;0.01
Flea;A097;0.01
Mosquito;A098;0.01
Fly;A099;0.01
Cockroach;A100;0.01